Fecha,TMAX,TMIN,Prec,TMEDIA,TMAX_Media_Ens,TMIN_Media_Ens,TMEDIA_Media_Ens,Prec_Media_Ens,TMAX_P10,TMAX_P50,TMAX_P90,TMIN_P10,TMIN_P50,TMIN_P90,TMEDIA_P10,TMEDIA_P50,TMEDIA_P90,Prec_P10,Prec_P50,Prec_P90,Prob_Prec_ge_1mm,Prob_Prec_ge_5mm,Prob_Prec_ge_10mm,Prob_Prec_ge_30mm,GD_Tb2,Fuente,TipoDato,CalidadDato,N_miembros,Latitud_grilla,Longitud_grilla,Elevacion_grilla_m,Emision_UTC
2026-01-01,34.9,11.3,0.0,23.3868,,,,,,,,,,,,,,,,,,,,,21.3868,SIGA_INTA_BORDENAVE,Observado,Observado_estacion,,,,,2026-10-04T21:51:16+00:00
2026-01-02,30.8,7.1,0.0,19.4125,,,,,,,,,,,,,,,,,,,,,17.4125,SIGA_INTA_BORDENAVE,Observado,Observado_estacion,,,,,2026-10-04T21:51:16+00:00
2026-01-03,25.4,9.9,0.0,17.46737,,,,,,,,,,,,,,,,,,,,,15.467369999999999,SIGA_INTA_BORDENAVE,Observado,Observado_estacion,,,,,2026-10-04T21:51:16+00:00
2026-01-04,31.2,4.8,0.0,19.29792,,,,,,,,,,,,,,,,,,,,,17.29792,SIGA_INTA_BORDENAVE,Observado,Observado_estacion,,,,,2026-10-04T21:51:16+00:00
2026-01-05,33.3,11.4,0.0,23.19444,,,,,,,,,,,,,,,,,,,,,21.19444,SIGA_INTA_BORDENAVE,Observado,Observado_estacion,,,,,2026-10-04T21:51:16+00:00
2026-01-06,26.4,18.8,0.25,22.65417,,,,,,,,,,,,,,,,,,,,,20.65417,SIGA_INTA_BORDENAVE,Observado,Observado_estacion,,,,,2026-10-04T21:51:16+00:00
2026-01-07,30.1,16.2,0.0,21.73889,,,,,,,,,,,,,,,,,,,,,19.73889,SIGA_INTA_BORDENAVE,Observado,Observado_estacion,,,,,2026-10-04T21:51:16+00:00
2026-01-08,28.5,11.5,0.0,19.49722,,,,,,,,,,,,,,,,,,,,,17.49722,SIGA_INTA_BORDENAVE,Observado,Observado_estacion,,,,,2026-10-04T21:51:16+00:00
2026-01-09,31.3,11.8,0.0,21.4757,,,,,,,,,,,,,,,,,,,,,19.4757,SIGA_INTA_BORDENAVE,Observado,Observado_estacion,,,,,2026-10-04T21:51:16+00:00
2026-01-10,36.0,11.2,0.0,23.53056,,,,,,,,,,,,,,,,,,,,,21.53056,SIGA_INTA_BORDENAVE,Observado,Observado_estacion,,,,,2026-10-04T21:51:16+00:00
2026-01-11,40.2,14.8,0.0,28.41597,,,,,,,,,,,,,,,,,,,,,26.41597,SIGA_INTA_BORDENAVE,Observado,Observado_estacion,,,,,2026-10-04T21:51:16+00:00
2026-01-12,31.9,20.5,17.5,24.93195,,,,,,,,,,,,,,,,,,,,,22.93195,SIGA_INTA_BORDENAVE,Observado,Observado_estacion,,,,,2026-10-04T21:51:16+00:00
2026-01-13,30.9,15.0,0.0,21.9375,,,,,,,,,,,,,,,,,,,,,19.9375,SIGA_INTA_BORDENAVE,Observado,Observado_estacion,,,,,2026-10-04T21:51:16+00:00
2026-01-14,35.5,18.4,0.25,26.40764,,,,,,,,,,,,,,,,,,,,,24.40764,SIGA_INTA_BORDENAVE,Observado,Observado_estacion,,,,,2026-10-04T21:51:16+00:00
2026-01-15,31.9,17.1,0.0,24.75486,,,,,,,,,,,,,,,,,,,,,22.75486,SIGA_INTA_BORDENAVE,Observado,Observado_estacion,,,,,2026-10-04T21:51:16+00:00
2026-01-16,32.9,12.4,0.0,22.54931,,,,,,,,,,,,,,,,,,,,,20.54931,SIGA_INTA_BORDENAVE,Observado,Observado_estacion,,,,,2026-10-04T21:51:16+00:00
2026-01-17,34.2,17.5,0.0,25.63334,,,,,,,,,,,,,,,,,,,,,23.63334,SIGA_INTA_BORDENAVE,Observado,Observado_estacion,,,,,2026-10-04T21:51:16+00:00
2026-01-18,27.2,11.5,0.0,20.03542,,,,,,,,,,,,,,,,,,,,,18.03542,SIGA_INTA_BORDENAVE,Observado,Observado_estacion,,,,,2026-10-04T21:51:16+00:00
2026-01-19,28.1,8.7,0.0,18.35278,,,,,,,,,,,,,,,,,,,,,16.35278,SIGA_INTA_BORDENAVE,Observado,Observado_estacion,,,,,2026-10-04T21:51:16+00:00
2026-01-20,31.9,12.1,0.0,21.40973,,,,,,,,,,,,,,,,,,,,,19.40973,SIGA_INTA_BORDENAVE,Observado,Observado_estacion,,,,,2026-10-04T21:51:16+00:00
2026-01-21,34.7,17.2,9.75,25.21667,,,,,,,,,,,,,,,,,,,,,23.21667,SIGA_INTA_BORDENAVE,Observado,Observado_estacion,,,,,2026-10-04T21:51:16+00:00
2026-01-22,33.1,15.5,37.25,22.53681,,,,,,,,,,,,,,,,,,,,,20.53681,SIGA_INTA_BORDENAVE,Observado,Observado_estacion,,,,,2026-10-04T21:51:16+00:00
2026-01-23,31.4,18.2,0.0,23.63473,,,,,,,,,,,,,,,,,,,,,21.63473,SIGA_INTA_BORDENAVE,Observado,Observado_estacion,,,,,2026-10-04T21:51:16+00:00
2026-01-24,33.1,17.6,0.0,26.05556,,,,,,,,,,,,,,,,,,,,,24.05556,SIGA_INTA_BORDENAVE,Observado,Observado_estacion,,,,,2026-10-04T21:51:16+00:00
2026-01-25,35.6,22.2,24.75,27.3,,,,,,,,,,,,,,,,,,,,,25.3,SIGA_INTA_BORDENAVE,Observado,Observado_estacion,,,,,2026-10-04T21:51:16+00:00
2026-01-26,32.4,18.8,0.25,24.23125,,,,,,,,,,,,,,,,,,,,,22.23125,SIGA_INTA_BORDENAVE,Observado,Observado_estacion,,,,,2026-10-04T21:51:16+00:00
2026-01-27,32.1,13.4,0.0,22.80625,,,,,,,,,,,,,,,,,,,,,20.80625,SIGA_INTA_BORDENAVE,Observado,Observado_estacion,,,,,2026-10-04T21:51:16+00:00
2026-01-28,35.0,17.1,0.0,25.6375,,,,,,,,,,,,,,,,,,,,,23.6375,SIGA_INTA_BORDENAVE,Observado,Observado_estacion,,,,,2026-10-04T21:51:16+00:00
2026-01-29,35.8,18.7,0.0,26.85348,,,,,,,,,,,,,,,,,,,,,24.85348,SIGA_INTA_BORDENAVE,Observado,Observado_estacion,,,,,2026-10-04T21:51:16+00:00
2026-01-30,36.2,17.2,0.0,26.60833,,,,,,,,,,,,,,,,,,,,,24.60833,SIGA_INTA_BORDENAVE,Observado,Observado_estacion,,,,,2026-10-04T21:51:16+00:00
2026-01-31,35.2,19.1,0.0,26.36944,,,,,,,,,,,,,,,,,,,,,24.36944,SIGA_INTA_BORDENAVE,Observado,Observado_estacion,,,,,2026-10-04T21:51:16+00:00
2026-02-01,38.3,21.3,1.0,28.18125,,,,,,,,,,,,,,,,,,,,,26.18125,SIGA_INTA_BORDENAVE,Observado,Observado_estacion,,,,,2026-10-04T21:51:16+00:00
2026-02-02,38.1,22.6,7.75,29.38612,,,,,,,,,,,,,,,,,,,,,27.38612,SIGA_INTA_BORDENAVE,Observado,Observado_estacion,,,,,2026-10-04T21:51:16+00:00
2026-02-03,32.4,18.4,0.0,24.85834,,,,,,,,,,,,,,,,,,,,,22.85834,SIGA_INTA_BORDENAVE,Observado,Observado_estacion,,,,,2026-10-04T21:51:16+00:00
2026-02-04,29.9,18.3,14.0,22.9375,,,,,,,,,,,,,,,,,,,,,20.9375,SIGA_INTA_BORDENAVE,Observado,Observado_estacion,,,,,2026-10-04T21:51:16+00:00
2026-02-05,23.5,15.7,0.5,19.36736,,,,,,,,,,,,,,,,,,,,,17.36736,SIGA_INTA_BORDENAVE,Observado,Observado_estacion,,,,,2026-10-04T21:51:16+00:00
2026-02-06,30.5,7.7,0.0,19.10208,,,,,,,,,,,,,,,,,,,,,17.10208,SIGA_INTA_BORDENAVE,Observado,Observado_estacion,,,,,2026-10-04T21:51:16+00:00
2026-02-07,31.5,9.2,0.0,21.38403,,,,,,,,,,,,,,,,,,,,,19.38403,SIGA_INTA_BORDENAVE,Observado,Observado_estacion,,,,,2026-10-04T21:51:16+00:00
2026-02-08,32.6,16.4,0.0,23.90624,,,,,,,,,,,,,,,,,,,,,21.90624,SIGA_INTA_BORDENAVE,Observado,Observado_estacion,,,,,2026-10-04T21:51:16+00:00
2026-02-09,30.6,18.2,0.0,24.27222,,,,,,,,,,,,,,,,,,,,,22.27222,SIGA_INTA_BORDENAVE,Observado,Observado_estacion,,,,,2026-10-04T21:51:16+00:00
2026-02-10,33.4,14.3,6.5,21.99375,,,,,,,,,,,,,,,,,,,,,19.99375,SIGA_INTA_BORDENAVE,Observado,Observado_estacion,,,,,2026-10-04T21:51:16+00:00
2026-02-11,25.6,9.2,0.5,18.67639,,,,,,,,,,,,,,,,,,,,,16.67639,SIGA_INTA_BORDENAVE,Observado,Observado_estacion,,,,,2026-10-04T21:51:16+00:00
2026-02-12,26.0,8.7,0.0,17.18889,,,,,,,,,,,,,,,,,,,,,15.18889,SIGA_INTA_BORDENAVE,Observado,Observado_estacion,,,,,2026-10-04T21:51:16+00:00
2026-02-13,26.1,9.1,0.0,17.7868,,,,,,,,,,,,,,,,,,,,,15.7868,SIGA_INTA_BORDENAVE,Observado,Observado_estacion,,,,,2026-10-04T21:51:16+00:00
2026-02-14,28.1,13.9,9.0,20.04306,,,,,,,,,,,,,,,,,,,,,18.04306,SIGA_INTA_BORDENAVE,Observado,Observado_estacion,,,,,2026-10-04T21:51:16+00:00
2026-02-15,29.5,14.6,0.0,21.23194,,,,,,,,,,,,,,,,,,,,,19.23194,SIGA_INTA_BORDENAVE,Observado,Observado_estacion,,,,,2026-10-04T21:51:16+00:00
2026-02-16,31.8,17.6,0.0,23.81458,,,,,,,,,,,,,,,,,,,,,21.81458,SIGA_INTA_BORDENAVE,Observado,Observado_estacion,,,,,2026-10-04T21:51:16+00:00
2026-02-17,32.7,18.8,0.0,25.08472,,,,,,,,,,,,,,,,,,,,,23.08472,SIGA_INTA_BORDENAVE,Observado,Observado_estacion,,,,,2026-10-04T21:51:16+00:00
2026-02-18,31.4,16.1,0.0,23.56111,,,,,,,,,,,,,,,,,,,,,21.56111,SIGA_INTA_BORDENAVE,Observado,Observado_estacion,,,,,2026-10-04T21:51:16+00:00
2026-02-19,28.0,15.3,0.0,21.23819,,,,,,,,,,,,,,,,,,,,,19.23819,SIGA_INTA_BORDENAVE,Observado,Observado_estacion,,,,,2026-10-04T21:51:16+00:00
2026-02-20,30.7,11.6,0.0,20.16944,,,,,,,,,,,,,,,,,,,,,18.16944,SIGA_INTA_BORDENAVE,Observado,Observado_estacion,,,,,2026-10-04T21:51:16+00:00
2026-02-21,29.7,13.6,0.0,20.36111,,,,,,,,,,,,,,,,,,,,,18.36111,SIGA_INTA_BORDENAVE,Observado,Observado_estacion,,,,,2026-10-04T21:51:16+00:00
2026-02-22,28.3,17.4,0.0,22.10486,,,,,,,,,,,,,,,,,,,,,20.10486,SIGA_INTA_BORDENAVE,Observado,Observado_estacion,,,,,2026-10-04T21:51:16+00:00
2026-02-23,30.6,17.4,0.0,22.85625,,,,,,,,,,,,,,,,,,,,,20.85625,SIGA_INTA_BORDENAVE,Observado,Observado_estacion,,,,,2026-10-04T21:51:16+00:00
2026-02-24,24.7,16.4,0.0,20.41944,,,,,,,,,,,,,,,,,,,,,18.41944,SIGA_INTA_BORDENAVE,Observado,Observado_estacion,,,,,2026-10-04T21:51:16+00:00
2026-02-25,25.1,4.1,0.0,15.51944,,,,,,,,,,,,,,,,,,,,,13.51944,SIGA_INTA_BORDENAVE,Observado,Observado_estacion,,,,,2026-10-04T21:51:16+00:00
2026-02-26,27.8,7.6,0.0,17.0257,,,,,,,,,,,,,,,,,,,,,15.0257,SIGA_INTA_BORDENAVE,Observado,Observado_estacion,,,,,2026-10-04T21:51:16+00:00
2026-02-27,30.0,10.9,0.0,19.84931,,,,,,,,,,,,,,,,,,,,,17.84931,SIGA_INTA_BORDENAVE,Observado,Observado_estacion,,,,,2026-10-04T21:51:16+00:00
2026-02-28,33.2,17.0,0.0,24.94653,,,,,,,,,,,,,,,,,,,,,22.94653,SIGA_INTA_BORDENAVE,Observado,Observado_estacion,,,,,2026-10-04T21:51:16+00:00
2026-03-01,33.4,17.4,0.0,24.6125,,,,,,,,,,,,,,,,,,,,,22.6125,SIGA_INTA_BORDENAVE,Observado,Observado_estacion,,,,,2026-10-04T21:51:16+00:00
2026-03-02,30.7,15.6,0.25,21.96666,,,,,,,,,,,,,,,,,,,,,19.96666,SIGA_INTA_BORDENAVE,Observado,Observado_estacion,,,,,2026-10-04T21:51:16+00:00
2026-03-03,27.2,12.2,0.0,18.47291,,,,,,,,,,,,,,,,,,,,,16.47291,SIGA_INTA_BORDENAVE,Observado,Observado_estacion,,,,,2026-10-04T21:51:16+00:00
2026-03-04,25.7,10.3,0.0,18.13888,,,,,,,,,,,,,,,,,,,,,16.13888,SIGA_INTA_BORDENAVE,Observado,Observado_estacion,,,,,2026-10-04T21:51:16+00:00
2026-03-05,24.3,7.0,0.0,16.19166,,,,,,,,,,,,,,,,,,,,,14.191659999999999,SIGA_INTA_BORDENAVE,Observado,Observado_estacion,,,,,2026-10-04T21:51:16+00:00
2026-03-06,26.6,14.4,0.0,19.42986,,,,,,,,,,,,,,,,,,,,,17.42986,SIGA_INTA_BORDENAVE,Observado,Observado_estacion,,,,,2026-10-04T21:51:16+00:00
2026-03-07,27.2,14.1,0.0,19.69444,,,,,,,,,,,,,,,,,,,,,17.69444,SIGA_INTA_BORDENAVE,Observado,Observado_estacion,,,,,2026-10-04T21:51:16+00:00
2026-03-08,26.0,14.8,0.0,19.69722,,,,,,,,,,,,,,,,,,,,,17.69722,SIGA_INTA_BORDENAVE,Observado,Observado_estacion,,,,,2026-10-04T21:51:16+00:00
2026-03-09,20.4,14.4,0.0,17.03333,,,,,,,,,,,,,,,,,,,,,15.03333,SIGA_INTA_BORDENAVE,Observado,Observado_estacion,,,,,2026-10-04T21:51:16+00:00
2026-03-10,28.1,14.4,0.0,20.15625,,,,,,,,,,,,,,,,,,,,,18.15625,SIGA_INTA_BORDENAVE,Observado,Observado_estacion,,,,,2026-10-04T21:51:16+00:00
2026-03-11,28.3,14.9,0.0,21.02083,,,,,,,,,,,,,,,,,,,,,19.02083,SIGA_INTA_BORDENAVE,Observado,Observado_estacion,,,,,2026-10-04T21:51:16+00:00
2026-03-12,28.5,14.1,0.0,20.65556,,,,,,,,,,,,,,,,,,,,,18.65556,SIGA_INTA_BORDENAVE,Observado,Observado_estacion,,,,,2026-10-04T21:51:16+00:00
2026-03-13,29.5,15.9,0.0,21.24375,,,,,,,,,,,,,,,,,,,,,19.24375,SIGA_INTA_BORDENAVE,Observado,Observado_estacion,,,,,2026-10-04T21:51:16+00:00
2026-03-14,30.1,15.9,0.0,20.84583,,,,,,,,,,,,,,,,,,,,,18.84583,SIGA_INTA_BORDENAVE,Observado,Observado_estacion,,,,,2026-10-04T21:51:16+00:00
2026-03-15,28.2,16.9,14.0,21.24097,,,,,,,,,,,,,,,,,,,,,19.24097,SIGA_INTA_BORDENAVE,Observado,Observado_estacion,,,,,2026-10-04T21:51:16+00:00
2026-03-16,25.9,13.9,8.75,18.55347,,,,,,,,,,,,,,,,,,,,,16.55347,SIGA_INTA_BORDENAVE,Observado,Observado_estacion,,,,,2026-10-04T21:51:16+00:00
2026-03-17,22.9,11.3,0.0,19.14445,,,,,,,,,,,,,,,,,,,,,17.14445,SIGA_INTA_BORDENAVE,Observado,Observado_estacion,,,,,2026-10-04T21:51:16+00:00
2026-03-18,25.6,7.2,0.0,16.12361,,,,,,,,,,,,,,,,,,,,,14.12361,SIGA_INTA_BORDENAVE,Observado,Observado_estacion,,,,,2026-10-04T21:51:16+00:00
2026-03-19,31.5,15.5,25.75,21.43472,,,,,,,,,,,,,,,,,,,,,19.43472,SIGA_INTA_BORDENAVE,Observado,Observado_estacion,,,,,2026-10-04T21:51:16+00:00
2026-03-20,22.8,15.2,16.25,17.91181,,,,,,,,,,,,,,,,,,,,,15.91181,SIGA_INTA_BORDENAVE,Observado,Observado_estacion,,,,,2026-10-04T21:51:16+00:00
2026-03-21,21.9,12.1,0.5,16.19375,,,,,,,,,,,,,,,,,,,,,14.193750000000001,SIGA_INTA_BORDENAVE,Observado,Observado_estacion,,,,,2026-10-04T21:51:16+00:00
2026-03-22,24.3,5.0,0.75,13.95347,,,,,,,,,,,,,,,,,,,,,11.95347,SIGA_INTA_BORDENAVE,Observado,Observado_estacion,,,,,2026-10-04T21:51:16+00:00
2026-03-23,20.5,6.1,0.0,13.21597,,,,,,,,,,,,,,,,,,,,,11.21597,SIGA_INTA_BORDENAVE,Observado,Observado_estacion,,,,,2026-10-04T21:51:16+00:00
2026-03-24,27.7,5.9,0.0,16.24028,,,,,,,,,,,,,,,,,,,,,14.240279999999998,SIGA_INTA_BORDENAVE,Observado,Observado_estacion,,,,,2026-10-04T21:51:16+00:00
2026-03-25,22.8,4.7,0.0,13.92014,,,,,,,,,,,,,,,,,,,,,11.92014,SIGA_INTA_BORDENAVE,Observado,Observado_estacion,,,,,2026-10-04T21:51:16+00:00
2026-03-26,27.0,7.1,0.0,16.14792,,,,,,,,,,,,,,,,,,,,,14.14792,SIGA_INTA_BORDENAVE,Observado,Observado_estacion,,,,,2026-10-04T21:51:16+00:00
2026-03-27,28.4,12.2,0.0,20.0875,,,,,,,,,,,,,,,,,,,,,18.0875,SIGA_INTA_BORDENAVE,Observado,Observado_estacion,,,,,2026-10-04T21:51:16+00:00
2026-03-28,29.5,15.8,0.0,21.95972,,,,,,,,,,,,,,,,,,,,,19.95972,SIGA_INTA_BORDENAVE,Observado,Observado_estacion,,,,,2026-10-04T21:51:16+00:00
2026-03-29,29.2,21.1,0.0,23.77015,,,,,,,,,,,,,,,,,,,,,21.77015,SIGA_INTA_BORDENAVE,Observado,Observado_estacion,,,,,2026-10-04T21:51:16+00:00
2026-03-30,31.1,20.0,0.0,24.49652,,,,,,,,,,,,,,,,,,,,,22.49652,SIGA_INTA_BORDENAVE,Observado,Observado_estacion,,,,,2026-10-04T21:51:16+00:00
2026-03-31,33.8,23.2,0.25,26.12013,,,,,,,,,,,,,,,,,,,,,24.12013,SIGA_INTA_BORDENAVE,Observado,Observado_estacion,,,,,2026-10-04T21:51:16+00:00
2026-04-01,25.8,19.8,0.25,21.88056,,,,,,,,,,,,,,,,,,,,,19.88056,SIGA_INTA_BORDENAVE,Observado,Observado_estacion,,,,,2026-10-04T21:51:16+00:00
2026-04-02,29.1,16.9,0.0,21.58334,,,,,,,,,,,,,,,,,,,,,19.58334,SIGA_INTA_BORDENAVE,Observado,Observado_estacion,,,,,2026-10-04T21:51:16+00:00
2026-04-03,25.5,12.1,0.0,17.49445,,,,,,,,,,,,,,,,,,,,,15.49445,SIGA_INTA_BORDENAVE,Observado,Observado_estacion,,,,,2026-10-04T21:51:16+00:00
2026-04-04,18.8,4.2,0.0,11.45139,,,,,,,,,,,,,,,,,,,,,9.45139,SIGA_INTA_BORDENAVE,Observado,Observado_estacion,,,,,2026-10-04T21:51:16+00:00
2026-04-05,19.4,1.7,9.25,9.998611,,,,,,,,,,,,,,,,,,,,,7.998611,SIGA_INTA_BORDENAVE,Observado,Observado_estacion,,,,,2026-10-04T21:51:16+00:00
2026-04-06,17.4,10.6,0.5,13.09375,,,,,,,,,,,,,,,,,,,,,11.09375,SIGA_INTA_BORDENAVE,Observado,Observado_estacion,,,,,2026-10-04T21:51:16+00:00
2026-04-07,21.2,10.9,0.0,14.92778,,,,,,,,,,,,,,,,,,,,,12.92778,SIGA_INTA_BORDENAVE,Observado,Observado_estacion,,,,,2026-10-04T21:51:16+00:00
2026-04-08,22.4,5.7,0.0,13.97639,,,,,,,,,,,,,,,,,,,,,11.97639,SIGA_INTA_BORDENAVE,Observado,Observado_estacion,,,,,2026-10-04T21:51:16+00:00
2026-04-09,24.6,4.8,0.0,13.85208,,,,,,,,,,,,,,,,,,,,,11.85208,SIGA_INTA_BORDENAVE,Observado,Observado_estacion,,,,,2026-10-04T21:51:16+00:00
2026-04-10,25.9,6.5,0.0,15.10139,,,,,,,,,,,,,,,,,,,,,13.10139,SIGA_INTA_BORDENAVE,Observado,Observado_estacion,,,,,2026-10-04T21:51:16+00:00
2026-04-11,23.7,12.0,0.25,16.86181,,,,,,,,,,,,,,,,,,,,,14.861809999999998,SIGA_INTA_BORDENAVE,Observado,Observado_estacion,,,,,2026-10-04T21:51:16+00:00
2026-04-12,26.7,11.2,0.0,18.375,,,,,,,,,,,,,,,,,,,,,16.375,SIGA_INTA_BORDENAVE,Observado,Observado_estacion,,,,,2026-10-04T21:51:16+00:00
2026-04-13,25.4,11.3,0.0,17.5243,,,,,,,,,,,,,,,,,,,,,15.5243,SIGA_INTA_BORDENAVE,Observado,Observado_estacion,,,,,2026-10-04T21:51:16+00:00
2026-04-14,27.8,15.0,4.25,20.03057,,,,,,,,,,,,,,,,,,,,,18.03057,SIGA_INTA_BORDENAVE,Observado,Observado_estacion,,,,,2026-10-04T21:51:16+00:00
2026-04-15,27.1,10.6,0.0,18.1375,,,,,,,,,,,,,,,,,,,,,16.1375,SIGA_INTA_BORDENAVE,Observado,Observado_estacion,,,,,2026-10-04T21:51:16+00:00
2026-04-16,27.9,9.0,0.0,17.3132,,,,,,,,,,,,,,,,,,,,,15.313199999999998,SIGA_INTA_BORDENAVE,Observado,Observado_estacion,,,,,2026-10-04T21:51:16+00:00
2026-04-17,19.5,11.9,2.25,15.20625,,,,,,,,,,,,,,,,,,,,,13.20625,SIGA_INTA_BORDENAVE,Observado,Observado_estacion,,,,,2026-10-04T21:51:16+00:00
2026-04-18,26.2,7.1,0.0,15.70694,,,,,,,,,,,,,,,,,,,,,13.70694,SIGA_INTA_BORDENAVE,Observado,Observado_estacion,,,,,2026-10-04T21:51:16+00:00
2026-04-19,19.0,8.1,0.0,13.70278,,,,,,,,,,,,,,,,,,,,,11.70278,SIGA_INTA_BORDENAVE,Observado,Observado_estacion,,,,,2026-10-04T21:51:16+00:00
2026-04-20,13.9,9.8,12.5,11.80625,,,,,,,,,,,,,,,,,,,,,9.80625,SIGA_INTA_BORDENAVE,Observado,Observado_estacion,,,,,2026-10-04T21:51:16+00:00
2026-04-21,14.9,9.2,2.5,11.06945,,,,,,,,,,,,,,,,,,,,,9.06945,SIGA_INTA_BORDENAVE,Observado,Observado_estacion,,,,,2026-10-04T21:51:16+00:00
2026-04-22,20.7,2.6,0.0,11.03125,,,,,,,,,,,,,,,,,,,,,9.03125,SIGA_INTA_BORDENAVE,Observado,Observado_estacion,,,,,2026-10-04T21:51:16+00:00
2026-04-23,23.4,2.1,0.0,12.10695,,,,,,,,,,,,,,,,,,,,,10.10695,SIGA_INTA_BORDENAVE,Observado,Observado_estacion,,,,,2026-10-04T21:51:16+00:00
2026-04-24,23.4,4.3,0.0,13.51319,,,,,,,,,,,,,,,,,,,,,11.51319,SIGA_INTA_BORDENAVE,Observado,Observado_estacion,,,,,2026-10-04T21:51:16+00:00
2026-04-25,19.3,3.1,0.0,10.2493,,,,,,,,,,,,,,,,,,,,,8.2493,SIGA_INTA_BORDENAVE,Observado,Observado_estacion,,,,,2026-10-04T21:51:16+00:00
2026-04-26,12.2,4.8,2.0,9.013889,,,,,,,,,,,,,,,,,,,,,7.013889000000001,SIGA_INTA_BORDENAVE,Observado,Observado_estacion,,,,,2026-10-04T21:51:16+00:00
2026-04-27,14.1,-0.4,0.0,6.706944,,,,,,,,,,,,,,,,,,,,,4.706944,SIGA_INTA_BORDENAVE,Observado,Observado_estacion,,,,,2026-10-04T21:51:16+00:00
2026-04-28,21.8,-0.5,0.25,9.668056,,,,,,,,,,,,,,,,,,,,,7.668056,SIGA_INTA_BORDENAVE,Observado,Observado_estacion,,,,,2026-10-04T21:51:16+00:00
2026-04-29,20.9,7.1,0.5,15.31042,,,,,,,,,,,,,,,,,,,,,13.31042,SIGA_INTA_BORDENAVE,Observado,Observado_estacion,,,,,2026-10-04T21:51:16+00:00
2026-04-30,25.4,0.7,0.0,11.32639,,,,,,,,,,,,,,,,,,,,,9.32639,SIGA_INTA_BORDENAVE,Observado,Observado_estacion,,,,,2026-10-04T21:51:16+00:00
2026-05-01,18.6,9.5,0.0,14.09445,,,,,,,,,,,,,,,,,,,,,12.09445,SIGA_INTA_BORDENAVE,Observado,Observado_estacion,,,,,2026-10-04T21:51:16+00:00
2026-05-02,14.0,-1.0,0.0,6.644444,,,,,,,,,,,,,,,,,,,,,4.644444,SIGA_INTA_BORDENAVE,Observado,Observado_estacion,,,,,2026-10-04T21:51:16+00:00
2026-05-03,19.7,-1.8,0.0,8.352084,,,,,,,,,,,,,,,,,,,,,6.352084,SIGA_INTA_BORDENAVE,Observado,Observado_estacion,,,,,2026-10-04T21:51:16+00:00
2026-05-04,23.5,4.4,0.0,13.14653,,,,,,,,,,,,,,,,,,,,,11.14653,SIGA_INTA_BORDENAVE,Observado,Observado_estacion,,,,,2026-10-04T21:51:16+00:00
2026-05-05,21.9,10.4,5.5,15.07639,,,,,,,,,,,,,,,,,,,,,13.07639,SIGA_INTA_BORDENAVE,Observado,Observado_estacion,,,,,2026-10-04T21:51:16+00:00
2026-05-06,18.8,12.3,0.0,16.42916,,,,,,,,,,,,,,,,,,,,,14.42916,SIGA_INTA_BORDENAVE,Observado,Observado_estacion,,,,,2026-10-04T21:51:16+00:00
2026-05-07,16.8,8.3,1.75,11.11736,,,,,,,,,,,,,,,,,,,,,9.11736,SIGA_INTA_BORDENAVE,Observado,Observado_estacion,,,,,2026-10-04T21:51:16+00:00
2026-05-08,10.7,3.5,5.25,7.109026,,,,,,,,,,,,,,,,,,,,,5.109026,SIGA_INTA_BORDENAVE,Observado,Observado_estacion,,,,,2026-10-04T21:51:16+00:00
2026-05-09,10.5,2.4,1.0,7.058332,,,,,,,,,,,,,,,,,,,,,5.058332,SIGA_INTA_BORDENAVE,Observado,Observado_estacion,,,,,2026-10-04T21:51:16+00:00
2026-05-10,14.8,-2.0,0.0,5.233333,,,,,,,,,,,,,,,,,,,,,3.233333,SIGA_INTA_BORDENAVE,Observado,Observado_estacion,,,,,2026-10-04T21:51:16+00:00
2026-05-11,20.1,-3.2,0.0,6.55625,,,,,,,,,,,,,,,,,,,,,4.55625,SIGA_INTA_BORDENAVE,Observado,Observado_estacion,,,,,2026-10-04T21:51:16+00:00
2026-05-12,16.6,2.4,0.0,9.431252,,,,,,,,,,,,,,,,,,,,,7.431252000000001,SIGA_INTA_BORDENAVE,Observado,Observado_estacion,,,,,2026-10-04T21:51:16+00:00
2026-05-13,17.2,-1.9,0.0,6.988888,,,,,,,,,,,,,,,,,,,,,4.988888,SIGA_INTA_BORDENAVE,Observado,Observado_estacion,,,,,2026-10-04T21:51:16+00:00
2026-05-14,16.8,-0.1,0.0,9.147223,,,,,,,,,,,,,,,,,,,,,7.147223,SIGA_INTA_BORDENAVE,Observado,Observado_estacion,,,,,2026-10-04T21:51:16+00:00
2026-05-15,17.5,2.7,0.0,8.596527,,,,,,,,,,,,,,,,,,,,,6.596527,SIGA_INTA_BORDENAVE,Observado,Observado_estacion,,,,,2026-10-04T21:51:16+00:00
2026-05-16,13.3,6.1,0.0,8.793055,,,,,,,,,,,,,,,,,,,,,6.793055000000001,SIGA_INTA_BORDENAVE,Observado,Observado_estacion,,,,,2026-10-04T21:51:16+00:00
2026-05-17,15.3,-3.7,0.0,5.390973,,,,,,,,,,,,,,,,,,,,,3.390973,SIGA_INTA_BORDENAVE,Observado,Observado_estacion,,,,,2026-10-04T21:51:16+00:00
2026-05-18,17.3,-4.5,0.0,4.859028,,,,,,,,,,,,,,,,,,,,,2.8590280000000003,SIGA_INTA_BORDENAVE,Observado,Observado_estacion,,,,,2026-10-04T21:51:16+00:00
2026-05-19,19.3,-2.2,0.0,6.924304,,,,,,,,,,,,,,,,,,,,,4.924304,SIGA_INTA_BORDENAVE,Observado,Observado_estacion,,,,,2026-10-04T21:51:16+00:00
2026-05-20,13.1,0.9,0.0,7.647223,,,,,,,,,,,,,,,,,,,,,5.647223,SIGA_INTA_BORDENAVE,Observado,Observado_estacion,,,,,2026-10-04T21:51:16+00:00
2026-05-21,14.2,-2.7,0.0,6.061805,,,,,,,,,,,,,,,,,,,,,4.061805,SIGA_INTA_BORDENAVE,Observado,Observado_estacion,,,,,2026-10-04T21:51:16+00:00
2026-05-22,13.8,1.4,0.25,6.261111,,,,,,,,,,,,,,,,,,,,,4.261111,SIGA_INTA_BORDENAVE,Observado,Observado_estacion,,,,,2026-10-04T21:51:16+00:00
2026-05-23,14.6,2.0,0.0,7.148611,,,,,,,,,,,,,,,,,,,,,5.148611,SIGA_INTA_BORDENAVE,Observado,Observado_estacion,,,,,2026-10-04T21:51:16+00:00
2026-05-24,15.5,4.2,0.0,8.270832,,,,,,,,,,,,,,,,,,,,,6.270832,SIGA_INTA_BORDENAVE,Observado,Observado_estacion,,,,,2026-10-04T21:51:16+00:00
2026-05-25,18.1,0.9,0.0,8.259027,,,,,,,,,,,,,,,,,,,,,6.259027,SIGA_INTA_BORDENAVE,Observado,Observado_estacion,,,,,2026-10-04T21:51:16+00:00
2026-05-26,18.7,-0.5,0.0,7.846528,,,,,,,,,,,,,,,,,,,,,5.846528,SIGA_INTA_BORDENAVE,Observado,Observado_estacion,,,,,2026-10-04T21:51:16+00:00
2026-05-27,10.8,5.9,0.25,8.731939,,,,,,,,,,,,,,,,,,,,,6.731939000000001,SIGA_INTA_BORDENAVE,Observado,Observado_estacion,,,,,2026-10-04T21:51:16+00:00
2026-05-28,13.8,8.9,0.0,11.21945,,,,,,,,,,,,,,,,,,,,,9.21945,SIGA_INTA_BORDENAVE,Observado,Observado_estacion,,,,,2026-10-04T21:51:16+00:00
2026-05-29,12.9,11.0,0.0,11.68819,,,,,,,,,,,,,,,,,,,,,9.68819,SIGA_INTA_BORDENAVE,Observado,Observado_estacion,,,,,2026-10-04T21:51:16+00:00
2026-05-30,14.8,5.1,0.0,10.61389,,,,,,,,,,,,,,,,,,,,,8.61389,SIGA_INTA_BORDENAVE,Observado,Observado_estacion,,,,,2026-10-04T21:51:16+00:00
2026-05-31,16.8,5.5,0.0,10.58681,,,,,,,,,,,,,,,,,,,,,8.58681,SIGA_INTA_BORDENAVE,Observado,Observado_estacion,,,,,2026-10-04T21:51:16+00:00
2026-06-01,14.1,10.7,2.25,11.91944,,,,,,,,,,,,,,,,,,,,,9.91944,SIGA_INTA_BORDENAVE,Observado,Observado_estacion,,,,,2026-10-04T21:51:16+00:00
2026-06-02,14.6,10.7,4.0,11.94445,,,,,,,,,,,,,,,,,,,,,9.94445,SIGA_INTA_BORDENAVE,Observado,Observado_estacion,,,,,2026-10-04T21:51:16+00:00
2026-06-03,15.1,10.2,0.0,12.19861,,,,,,,,,,,,,,,,,,,,,10.19861,SIGA_INTA_BORDENAVE,Observado,Observado_estacion,,,,,2026-10-04T21:51:16+00:00
2026-06-04,16.3,11.9,2.1,13.4,,,,,,16.3,,,11.9,,,13.4,,,2.1,,,,,,11.4,ECMWF_IFS_HISTORICO,Provisional,Provisional_hasta_reemplazo_SIGA,1,-37.85589,-62.97589,221.0,2026-10-04T21:51:17+00:00
2026-06-05,15.8,11.8,0.5,13.7,,,,,,15.8,,,11.8,,,13.7,,,0.5,,,,,,11.7,ECMWF_IFS_HISTORICO,Provisional,Provisional_hasta_reemplazo_SIGA,1,-37.85589,-62.97589,221.0,2026-10-04T21:51:17+00:00
2026-06-06,16.2,12.2,1.0,13.5,,,,,,16.2,,,12.2,,,13.5,,,1.0,,,,,,11.5,ECMWF_IFS_HISTORICO,Provisional,Provisional_hasta_reemplazo_SIGA,1,-37.85589,-62.97589,221.0,2026-10-04T21:51:17+00:00
2026-06-07,14.8,10.4,1.3,12.2,,,,,,14.8,,,10.4,,,12.2,,,1.3,,,,,,10.2,ECMWF_IFS_HISTORICO,Provisional,Provisional_hasta_reemplazo_SIGA,1,-37.85589,-62.97589,221.0,2026-10-04T21:51:17+00:00
2026-06-08,12.9,8.4,0.5,10.4,,,,,,12.9,,,8.4,,,10.4,,,0.5,,,,,,8.4,ECMWF_IFS_HISTORICO,Provisional,Provisional_hasta_reemplazo_SIGA,1,-37.85589,-62.97589,221.0,2026-10-04T21:51:17+00:00
2026-06-09,14.3,6.5,0.0,9.7,,,,,,14.3,,,6.5,,,9.7,,,0.0,,,,,,7.699999999999999,ECMWF_IFS_HISTORICO,Provisional,Provisional_hasta_reemplazo_SIGA,1,-37.85589,-62.97589,221.0,2026-10-04T21:51:17+00:00
2026-06-10,15.7,7.8,0.0,10.6,,,,,,15.7,,,7.8,,,10.6,,,0.0,,,,,,8.6,ECMWF_IFS_HISTORICO,Provisional,Provisional_hasta_reemplazo_SIGA,1,-37.85589,-62.97589,221.0,2026-10-04T21:51:17+00:00
2026-06-11,18.0,1.4,0.0,8.76389,,,,,,,,,,,,,,,,,,,,,6.76389,SIGA_INTA_BORDENAVE,Observado,Observado_estacion,,,,,2026-10-04T21:51:16+00:00
2026-06-12,15.0,8.1,2.25,10.79722,,,,,,,,,,,,,,,,,,,,,8.79722,SIGA_INTA_BORDENAVE,Observado,Observado_estacion,,,,,2026-10-04T21:51:16+00:00
2026-06-13,9.9,1.6,0.75,6.730555,,,,,,,,,,,,,,,,,,,,,4.730555,SIGA_INTA_BORDENAVE,Observado,Observado_estacion,,,,,2026-10-04T21:51:16+00:00
2026-06-14,11.4,-5.0,0.0,1.751389,,,,,,,,,,,,,,,,,,,,,0.0,SIGA_INTA_BORDENAVE,Observado,Observado_estacion,,,,,2026-10-04T21:51:16+00:00
2026-06-15,18.7,-3.6,0.0,5.42361,,,,,,,,,,,,,,,,,,,,,3.42361,SIGA_INTA_BORDENAVE,Observado,Observado_estacion,,,,,2026-10-04T21:51:16+00:00
2026-06-16,19.2,0.4,0.0,8.309029,,,,,,,,,,,,,,,,,,,,,6.309029000000001,SIGA_INTA_BORDENAVE,Observado,Observado_estacion,,,,,2026-10-04T21:51:16+00:00
2026-06-17,13.8,-2.0,0.75,5.974306,,,,,,,,,,,,,,,,,,,,,3.9743060000000003,SIGA_INTA_BORDENAVE,Observado,Observado_estacion,,,,,2026-10-04T21:51:16+00:00
2026-06-18,14.2,4.5,0.0,9.990974,,,,,,,,,,,,,,,,,,,,,7.990974,SIGA_INTA_BORDENAVE,Observado,Observado_estacion,,,,,2026-10-04T21:51:16+00:00
2026-06-19,15.0,-4.1,0.0,3.970834,,,,,,,,,,,,,,,,,,,,,1.970834,SIGA_INTA_BORDENAVE,Observado,Observado_estacion,,,,,2026-10-04T21:51:16+00:00
2026-06-20,17.2,2.4,0.0,8.172221,,,,,,,,,,,,,,,,,,,,,6.172221,SIGA_INTA_BORDENAVE,Observado,Observado_estacion,,,,,2026-10-04T21:51:16+00:00
2026-06-21,14.8,-1.7,0.0,5.045834,,,,,,,,,,,,,,,,,,,,,3.045834,SIGA_INTA_BORDENAVE,Observado,Observado_estacion,,,,,2026-10-04T21:51:16+00:00
2026-06-22,10.6,-0.9,0.0,4.206123,,,,,,,,,,,,,,,,,,,,,2.206123,SIGA_INTA_BORDENAVE,Observado,Observado_estacion,,,,,2026-10-04T21:51:16+00:00
2026-06-23,11.3,-2.8,0.0,2.791333,,,,,,,,,,,,,,,,,,,,,0.7913329999999998,SIGA_INTA_BORDENAVE,Observado,Observado_estacion,,,,,2026-10-04T21:51:16+00:00
2026-06-24,8.9,-6.1,0.0,1.78,,,,,,,,,,,,,,,,,,,,,0.0,SIGA_INTA_BORDENAVE,Observado,Observado_estacion,,,,,2026-10-04T21:51:16+00:00
2026-06-25,10.6,-1.2,0.0,4.52829,,,,,,,,,,,,,,,,,,,,,2.52829,SIGA_INTA_BORDENAVE,Observado,Observado_estacion,,,,,2026-10-04T21:51:16+00:00
2026-06-26,15.5,-1.7,1.25,5.727153,,,,,,,,,,,,,,,,,,,,,3.7271530000000004,SIGA_INTA_BORDENAVE,Observado,Observado_estacion,,,,,2026-10-04T21:51:16+00:00
2026-06-27,13.3,-1.6,0.0,6.26579,,,,,,,,,,,,,,,,,,,,,4.26579,SIGA_INTA_BORDENAVE,Observado,Observado_estacion,,,,,2026-10-04T21:51:16+00:00
2026-06-28,14.6,-2.9,0.0,5.869079,,,,,,,,,,,,,,,,,,,,,3.869079,SIGA_INTA_BORDENAVE,Observado,Observado_estacion,,,,,2026-10-04T21:51:16+00:00
2026-06-29,13.6,-1.9,0.0,4.680794,,,,,,,,,,,,,,,,,,,,,2.6807939999999997,SIGA_INTA_BORDENAVE,Observado,Observado_estacion,,,,,2026-10-04T21:51:16+00:00
2026-06-30,15.3,-2.7,0.0,4.783439,,,,,,,,,,,,,,,,,,,,,2.7834390000000004,SIGA_INTA_BORDENAVE,Observado,Observado_estacion,,,,,2026-10-04T21:51:16+00:00
2026-07-01,8.8,2.0,1.75,5.352434,,,,,,,,,,,,,,,,,,,,,3.3524339999999997,SIGA_INTA_BORDENAVE,Observado,Observado_estacion,,,,,2026-10-04T21:51:16+00:00
2026-07-02,7.0,-5.5,0.0,0.9201056,,,,,,,,,,,,,,,,,,,,,0.0,SIGA_INTA_BORDENAVE,Observado,Observado_estacion,,,,,2026-10-04T21:51:16+00:00
2026-07-03,8.8,-7.6,0.0,-1.091209,,,,,,,,,,,,,,,,,,,,,0.0,SIGA_INTA_BORDENAVE,Observado,Observado_estacion,,,,,2026-10-04T21:51:16+00:00
2026-07-04,5.1,-4.2,0.0,1.152631,,,,,,,,,,,,,,,,,,,,,0.0,SIGA_INTA_BORDENAVE,Observado,Observado_estacion,,,,,2026-10-04T21:51:16+00:00
2026-07-05,9.6,-0.4,0.0,4.531579,,,,,,,,,,,,,,,,,,,,,2.531579,SIGA_INTA_BORDENAVE,Observado,Observado_estacion,,,,,2026-10-04T21:51:16+00:00
2026-07-06,10.7,-8.5,0.0,0.8624341,,,,,,,,,,,,,,,,,,,,,0.0,SIGA_INTA_BORDENAVE,Observado,Observado_estacion,,,,,2026-10-04T21:51:16+00:00
2026-07-07,17.1,-2.6,0.0,5.023935,,,,,,,,,,,,,,,,,,,,,3.023935,SIGA_INTA_BORDENAVE,Observado,Observado_estacion,,,,,2026-10-04T21:51:16+00:00
2026-07-08,11.8,4.1,0.0,8.159474,,,,,,,,,,,,,,,,,,,,,6.1594739999999994,SIGA_INTA_BORDENAVE,Observado,Observado_estacion,,,,,2026-10-04T21:51:16+00:00
2026-07-09,9.7,0.2,0.0,6.495792,,,,,,,,,,,,,,,,,,,,,4.495792,SIGA_INTA_BORDENAVE,Observado,Observado_estacion,,,,,2026-10-04T21:51:16+00:00
2026-07-10,9.2,6.7,8.25,7.677251,,,,,,,,,,,,,,,,,,,,,5.677251,SIGA_INTA_BORDENAVE,Observado,Observado_estacion,,,,,2026-10-04T21:51:16+00:00
2026-07-11,9.4,5.7,0.5,7.479999,,,,,,,,,,,,,,,,,,,,,5.479999,SIGA_INTA_BORDENAVE,Observado,Observado_estacion,,,,,2026-10-04T21:51:16+00:00
2026-07-12,11.4,-1.9,0.0,4.259789,,,,,,,,,,,,,,,,,,,,,2.2597889999999996,SIGA_INTA_BORDENAVE,Observado,Observado_estacion,,,,,2026-10-04T21:51:16+00:00
2026-07-13,12.5,4.0,0.0,7.096316,,,,,,,,,,,,,,,,,,,,,5.096316,SIGA_INTA_BORDENAVE,Observado,Observado_estacion,,,,,2026-10-04T21:51:16+00:00
2026-07-14,9.9,5.5,0.0,7.988887,,,,,,,,,,,,,,,,,,,,,5.988887,SIGA_INTA_BORDENAVE,Observado,Observado_estacion,,,,,2026-10-04T21:51:16+00:00
2026-07-15,17.9,5.0,0.0,10.01323,,,,,,,,,,,,,,,,,,,,,8.01323,SIGA_INTA_BORDENAVE,Observado,Observado_estacion,,,,,2026-10-04T21:51:16+00:00
2026-07-16,18.6,5.7,0.25,11.88245,,,,,,,,,,,,,,,,,,,,,9.88245,SIGA_INTA_BORDENAVE,Observado,Observado_estacion,,,,,2026-10-04T21:51:16+00:00
2026-07-17,20.4,10.0,0.0,14.87195,,,,,,,,,,,,,,,,,,,,,12.87195,SIGA_INTA_BORDENAVE,Observado,Observado_estacion,,,,,2026-10-04T21:51:16+00:00
2026-07-18,15.7,2.6,0.0,9.526985,,,,,,,,,,,,,,,,,,,,,7.526985,SIGA_INTA_BORDENAVE,Observado,Observado_estacion,,,,,2026-10-04T21:51:16+00:00
2026-07-19,16.2,0.4,1.0,8.08783,,,,,,,,,,,,,,,,,,,,,6.08783,SIGA_INTA_BORDENAVE,Observado,Observado_estacion,,,,,2026-10-04T21:51:16+00:00
2026-07-20,8.2,4.2,11.25,6.419574,,,,,,,,,,,,,,,,,,,,,4.419574,SIGA_INTA_BORDENAVE,Observado,Observado_estacion,,,,,2026-10-04T21:51:16+00:00
2026-07-21,8.5,5.2,0.0,6.646559,,,,,,,,,,,,,,,,,,,,,4.646559,SIGA_INTA_BORDENAVE,Observado,Observado_estacion,,,,,2026-10-04T21:51:16+00:00
2026-07-22,10.5,0.2,0.25,5.48254,,,,,,,,,,,,,,,,,,,,,3.48254,SIGA_INTA_BORDENAVE,Observado,Observado_estacion,,,,,2026-10-04T21:51:16+00:00
2026-07-23,10.4,6.0,0.0,8.598417,,,,,,,,,,,,,,,,,,,,,6.5984169999999995,SIGA_INTA_BORDENAVE,Observado,Observado_estacion,,,,,2026-10-04T21:51:16+00:00
2026-07-24,13.8,7.0,0.0,9.963683,,,,,,,,,,,,,,,,,,,,,7.963683,SIGA_INTA_BORDENAVE,Observado,Observado_estacion,,,,,2026-10-04T21:51:16+00:00
2026-07-25,16.3,8.2,0.0,10.57196,,,,,,,,,,,,,,,,,,,,,8.57196,SIGA_INTA_BORDENAVE,Observado,Observado_estacion,,,,,2026-10-04T21:51:16+00:00
2026-07-26,17.5,8.4,0.5,11.19894,,,,,,,,,,,,,,,,,,,,,9.19894,SIGA_INTA_BORDENAVE,Observado,Observado_estacion,,,,,2026-10-04T21:51:16+00:00
2026-07-27,18.0,6.5,0.0,13.06543,,,,,,,,,,,,,,,,,,,,,11.06543,SIGA_INTA_BORDENAVE,Observado,Observado_estacion,,,,,2026-10-04T21:51:16+00:00
2026-07-28,13.5,2.0,2.0,7.705853,,,,,,,,,,,,,,,,,,,,,5.705853,SIGA_INTA_BORDENAVE,Observado,Observado_estacion,,,,,2026-10-04T21:51:16+00:00
2026-07-29,12.3,3.1,5.75,8.352379,,,,,,,,,,,,,,,,,,,,,6.352379000000001,SIGA_INTA_BORDENAVE,Observado,Observado_estacion,,,,,2026-10-04T21:51:16+00:00
2026-07-30,12.3,8.5,4.5,10.4706,,,,,,,,,,,,,,,,,,,,,8.4706,SIGA_INTA_BORDENAVE,Observado,Observado_estacion,,,,,2026-10-04T21:51:16+00:00
2026-07-31,16.0,11.9,0.75,13.56118,,,,,,,,,,,,,,,,,,,,,11.56118,SIGA_INTA_BORDENAVE,Observado,Observado_estacion,,,,,2026-10-04T21:51:16+00:00
2026-08-01,17.4,3.7,0.0,11.21799,,,,,,,,,,,,,,,,,,,,,9.21799,SIGA_INTA_BORDENAVE,Observado,Observado_estacion,,,,,2026-10-04T21:51:16+00:00
2026-08-02,13.8,6.7,4.25,10.50585,,,,,,,,,,,,,,,,,,,,,8.50585,SIGA_INTA_BORDENAVE,Observado,Observado_estacion,,,,,2026-10-04T21:51:16+00:00
2026-08-03,15.7,7.9,0.25,11.4911,,,,,,,,,,,,,,,,,,,,,9.4911,SIGA_INTA_BORDENAVE,Observado,Observado_estacion,,,,,2026-10-04T21:51:16+00:00
2026-08-04,13.9,7.5,0.75,10.80449,,,,,,,,,,,,,,,,,,,,,8.80449,SIGA_INTA_BORDENAVE,Observado,Observado_estacion,,,,,2026-10-04T21:51:16+00:00
2026-08-05,14.9,10.2,15.5,11.91605,,,,,,,,,,,,,,,,,,,,,9.91605,SIGA_INTA_BORDENAVE,Observado,Observado_estacion,,,,,2026-10-04T21:51:16+00:00
2026-08-06,10.5,3.6,0.0,7.406316,,,,,,,,,,,,,,,,,,,,,5.406316,SIGA_INTA_BORDENAVE,Observado,Observado_estacion,,,,,2026-10-04T21:51:16+00:00
2026-08-07,13.8,-3.0,0.0,4.906844,,,,,,,,,,,,,,,,,,,,,2.9068440000000004,SIGA_INTA_BORDENAVE,Observado,Observado_estacion,,,,,2026-10-04T21:51:16+00:00
2026-08-08,12.6,1.2,0.0,6.952909,,,,,,,,,,,,,,,,,,,,,4.952909,SIGA_INTA_BORDENAVE,Observado,Observado_estacion,,,,,2026-10-04T21:51:16+00:00
2026-08-09,9.9,-1.7,0.0,3.448677,,,,,,,,,,,,,,,,,,,,,1.448677,SIGA_INTA_BORDENAVE,Observado,Observado_estacion,,,,,2026-10-04T21:51:16+00:00
2026-08-10,11.0,-5.0,0.0,3.036702,,,,,,,,,,,,,,,,,,,,,1.036702,SIGA_INTA_BORDENAVE,Observado,Observado_estacion,,,,,2026-10-04T21:51:16+00:00
2026-08-11,12.5,-1.1,0.0,4.723281,,,,,,,,,,,,,,,,,,,,,2.723281,SIGA_INTA_BORDENAVE,Observado,Observado_estacion,,,,,2026-10-04T21:51:16+00:00
2026-08-12,12.7,0.3,2.5,6.214285,,,,,,,,,,,,,,,,,,,,,4.214285,SIGA_INTA_BORDENAVE,Observado,Observado_estacion,,,,,2026-10-04T21:51:16+00:00
2026-08-13,11.5,2.0,0.25,6.670372,,,,,,,,,,,,,,,,,,,,,4.670372,SIGA_INTA_BORDENAVE,Observado,Observado_estacion,,,,,2026-10-04T21:51:16+00:00
2026-08-14,13.2,0.9,0.0,6.725654,,,,,,,,,,,,,,,,,,,,,4.725654,SIGA_INTA_BORDENAVE,Observado,Observado_estacion,,,,,2026-10-04T21:51:16+00:00
2026-08-15,13.0,9.4,1.25,10.76316,,,,,,,,,,,,,,,,,,,,,8.76316,SIGA_INTA_BORDENAVE,Observado,Observado_estacion,,,,,2026-10-04T21:51:16+00:00
2026-08-16,16.6,8.2,0.5,11.55585,,,,,,,,,,,,,,,,,,,,,9.55585,SIGA_INTA_BORDENAVE,Observado,Observado_estacion,,,,,2026-10-04T21:51:16+00:00
2026-08-17,13.5,2.6,0.0,7.98796,,,,,,,,,,,,,,,,,,,,,5.98796,SIGA_INTA_BORDENAVE,Observado,Observado_estacion,,,,,2026-10-04T21:51:16+00:00
2026-08-18,16.9,-3.7,0.0,5.840425,,,,,,,,,,,,,,,,,,,,,3.8404249999999998,SIGA_INTA_BORDENAVE,Observado,Observado_estacion,,,,,2026-10-04T21:51:16+00:00
2026-08-19,20.1,-0.7,0.0,8.736841,,,,,,,,,,,,,,,,,,,,,6.736841,SIGA_INTA_BORDENAVE,Observado,Observado_estacion,,,,,2026-10-04T21:51:16+00:00
2026-08-20,18.1,1.7,0.0,9.183685,,,,,,,,,,,,,,,,,,,,,7.1836850000000005,SIGA_INTA_BORDENAVE,Observado,Observado_estacion,,,,,2026-10-04T21:51:16+00:00
2026-08-21,11.4,0.3,0.0,6.17842,,,,,,,,,,,,,,,,,,,,,4.17842,SIGA_INTA_BORDENAVE,Observado,Observado_estacion,,,,,2026-10-04T21:51:16+00:00
2026-08-22,14.9,-6.7,0.0,4.529534,,,,,,,,,,,,,,,,,,,,,2.529534,SIGA_INTA_BORDENAVE,Observado,Observado_estacion,,,,,2026-10-04T21:51:16+00:00
2026-08-23,12.1,0.1,0.0,5.278011,,,,,,,,,,,,,,,,,,,,,3.2780110000000002,SIGA_INTA_BORDENAVE,Observado,Observado_estacion,,,,,2026-10-04T21:51:16+00:00
2026-08-24,14.0,0.2,0.0,7.599468,,,,,,,,,,,,,,,,,,,,,5.599468,SIGA_INTA_BORDENAVE,Observado,Observado_estacion,,,,,2026-10-04T21:51:16+00:00
2026-08-25,16.8,7.4,0.0,10.99316,,,,,,,,,,,,,,,,,,,,,8.99316,SIGA_INTA_BORDENAVE,Observado,Observado_estacion,,,,,2026-10-04T21:51:16+00:00
2026-08-26,12.7,8.0,0.0,11.09947,,,,,,,,,,,,,,,,,,,,,9.09947,SIGA_INTA_BORDENAVE,Observado,Observado_estacion,,,,,2026-10-04T21:51:16+00:00
2026-08-27,20.6,2.7,0.25,10.65131,,,,,,,,,,,,,,,,,,,,,8.65131,SIGA_INTA_BORDENAVE,Observado,Observado_estacion,,,,,2026-10-04T21:51:16+00:00
2026-08-28,20.1,0.9,0.0,7.730337,,,,,,,,,,,,,,,,,,,,,5.730337,SIGA_INTA_BORDENAVE,Observado,Observado_estacion,,,,,2026-10-04T21:51:16+00:00
2026-08-29,21.6,1.1,2.5,9.767724,,,,,,,,,,,,,,,,,,,,,7.767723999999999,SIGA_INTA_BORDENAVE,Observado,Observado_estacion,,,,,2026-10-04T21:51:16+00:00
2026-08-30,20.2,3.9,0.5,11.58866,,,,,,,,,,,,,,,,,,,,,9.58866,SIGA_INTA_BORDENAVE,Observado,Observado_estacion,,,,,2026-10-04T21:51:16+00:00
2026-08-31,19.9,5.5,0.0,12.11775,,,,,,,,,,,,,,,,,,,,,10.11775,SIGA_INTA_BORDENAVE,Observado,Observado_estacion,,,,,2026-10-04T21:51:16+00:00
2026-09-01,20.5,2.5,5.5,9.693687,,,,,,,,,,,,,,,,,,,,,7.693687000000001,SIGA_INTA_BORDENAVE,Observado,Observado_estacion,,,,,2026-10-04T21:51:16+00:00
2026-09-02,14.0,7.7,0.25,11.26631,,,,,,,,,,,,,,,,,,,,,9.26631,SIGA_INTA_BORDENAVE,Observado,Observado_estacion,,,,,2026-10-04T21:51:16+00:00
2026-09-03,15.9,3.3,0.0,9.557144,,,,,,,,,,,,,,,,,,,,,7.557143999999999,SIGA_INTA_BORDENAVE,Observado,Observado_estacion,,,,,2026-10-04T21:51:16+00:00
2026-09-04,15.5,-2.1,0.0,6.095108,,,,,,,,,,,,,,,,,,,,,4.095108,SIGA_INTA_BORDENAVE,Observado,Observado_estacion,,,,,2026-10-04T21:51:16+00:00
2026-09-05,10.0,0.3,1.5,4.798942,,,,,,,,,,,,,,,,,,,,,2.7989420000000003,SIGA_INTA_BORDENAVE,Observado,Observado_estacion,,,,,2026-10-04T21:51:16+00:00
2026-09-06,10.9,-7.9,0.0,1.303684,,,,,,,,,,,,,,,,,,,,,0.0,SIGA_INTA_BORDENAVE,Observado,Observado_estacion,,,,,2026-10-04T21:51:16+00:00
2026-09-07,13.7,-2.4,0.0,4.199469,,,,,,,,,,,,,,,,,,,,,2.1994689999999997,SIGA_INTA_BORDENAVE,Observado,Observado_estacion,,,,,2026-10-04T21:51:16+00:00
2026-09-08,21.2,1.8,0.0,9.754209,,,,,,,,,,,,,,,,,,,,,7.7542089999999995,SIGA_INTA_BORDENAVE,Observado,Observado_estacion,,,,,2026-10-04T21:51:16+00:00
2026-09-09,21.4,1.8,0.0,10.88377,,,,,,,,,,,,,,,,,,,,,8.88377,SIGA_INTA_BORDENAVE,Observado,Observado_estacion,,,,,2026-10-04T21:51:16+00:00
2026-09-10,21.8,-1.7,0.0,9.552152,,,,,,,,,,,,,,,,,,,,,7.5521519999999995,SIGA_INTA_BORDENAVE,Observado,Observado_estacion,,,,,2026-10-04T21:51:16+00:00
2026-09-11,10.2,4.5,2.25,7.011736,,,,,,,,,,,,,,,,,,,,,5.011736,SIGA_INTA_BORDENAVE,Observado,Observado_estacion,,,,,2026-10-04T21:51:16+00:00
2026-09-12,10.2,-0.3,0.0,4.677896,,,,,,,,,,,,,,,,,,,,,2.6778959999999996,SIGA_INTA_BORDENAVE,Observado,Observado_estacion,,,,,2026-10-04T21:51:16+00:00
2026-09-13,13.3,-5.9,0.0,2.710526,,,,,,,,,,,,,,,,,,,,,0.7105260000000002,SIGA_INTA_BORDENAVE,Observado,Observado_estacion,,,,,2026-10-04T21:51:16+00:00
2026-09-14,18.5,-0.4,0.0,7.20765,,,,,,,,,,,,,,,,,,,,,5.20765,SIGA_INTA_BORDENAVE,Observado,Observado_estacion,,,,,2026-10-04T21:51:16+00:00
2026-09-15,13.0,2.4,1.0,7.416489,,,,,,,,,,,,,,,,,,,,,5.416489,SIGA_INTA_BORDENAVE,Observado,Observado_estacion,,,,,2026-10-04T21:51:16+00:00
2026-09-16,17.0,-1.5,0.0,7.109576,,,,,,,,,,,,,,,,,,,,,5.109576,SIGA_INTA_BORDENAVE,Observado,Observado_estacion,,,,,2026-10-04T21:51:16+00:00
2026-09-17,25.6,6.3,0.0,14.13174,,,,,,,,,,,,,,,,,,,,,12.13174,SIGA_INTA_BORDENAVE,Observado,Observado_estacion,,,,,2026-10-04T21:51:16+00:00
2026-09-18,27.2,9.8,0.0,17.41684,,,,,,,,,,,,,,,,,,,,,15.41684,SIGA_INTA_BORDENAVE,Observado,Observado_estacion,,,,,2026-10-04T21:51:16+00:00
2026-09-19,28.3,11.2,14.0,18.33866,,,,,,,,,,,,,,,,,,,,,16.33866,SIGA_INTA_BORDENAVE,Observado,Observado_estacion,,,,,2026-10-04T21:51:16+00:00
2026-09-20,22.4,11.8,1.0,17.41526,,,,,,,,,,,,,,,,,,,,,15.41526,SIGA_INTA_BORDENAVE,Observado,Observado_estacion,,,,,2026-10-04T21:51:16+00:00
2026-09-21,15.1,6.0,2.0,9.676805,,,,,,,,,,,,,,,,,,,,,7.676805,SIGA_INTA_BORDENAVE,Observado,Observado_estacion,,,,,2026-10-04T21:51:16+00:00
2026-09-22,15.3,-1.9,0.5,6.433862,,,,,,,,,,,,,,,,,,,,,4.433862,SIGA_INTA_BORDENAVE,Observado,Observado_estacion,,,,,2026-10-04T21:51:16+00:00
2026-09-23,19.4,7.7,0.25,12.47098,,,,,,,,,,,,,,,,,,,,,10.47098,SIGA_INTA_BORDENAVE,Observado,Observado_estacion,,,,,2026-10-04T21:51:16+00:00
2026-09-24,23.4,11.9,0.0,16.49584,,,,,,,,,,,,,,,,,,,,,14.495840000000001,SIGA_INTA_BORDENAVE,Observado,Observado_estacion,,,,,2026-10-04T21:51:16+00:00
2026-09-25,22.2,5.1,0.0,14.89153,,,,,,,,,,,,,,,,,,,,,12.89153,SIGA_INTA_BORDENAVE,Observado,Observado_estacion,,,,,2026-10-04T21:51:16+00:00
2026-09-26,25.5,6.7,0.0,15.53105,,,,,,,,,,,,,,,,,,,,,13.53105,SIGA_INTA_BORDENAVE,Observado,Observado_estacion,,,,,2026-10-04T21:51:16+00:00
2026-09-27,19.0,10.3,0.75,14.37683,,,,,,,,,,,,,,,,,,,,,12.37683,SIGA_INTA_BORDENAVE,Observado,Observado_estacion,,,,,2026-10-04T21:51:16+00:00
2026-09-28,22.6,11.0,4.75,16.0545,,,,,,,,,,,,,,,,,,,,,14.0545,SIGA_INTA_BORDENAVE,Observado,Observado_estacion,,,,,2026-10-04T21:51:16+00:00
2026-09-29,17.7,10.4,0.0,13.62736,,,,,,,,,,,,,,,,,,,,,11.62736,SIGA_INTA_BORDENAVE,Observado,Observado_estacion,,,,,2026-10-04T21:51:16+00:00
2026-09-30,11.7,4.6,6.5,8.732634,,,,,,,,,,,,,,,,,,,,,6.732633999999999,SIGA_INTA_BORDENAVE,Observado,Observado_estacion,,,,,2026-10-04T21:51:16+00:00
2026-10-01,12.8,5.7,0.25,9.075662,,,,,,,,,,,,,,,,,,,,,7.0756619999999995,SIGA_INTA_BORDENAVE,Observado,Observado_estacion,,,,,2026-10-04T21:51:16+00:00
